<?xml version="1.0" encoding="UTF-8"?>
<metadata xml:lang="en"><Esri><CreaDate>20181025</CreaDate><CreaTime>21165700</CreaTime><ArcGISFormat>1.0</ArcGISFormat><SyncOnce>FALSE</SyncOnce><DataProperties><itemProps><itemName Sync="TRUE">USGS_NED_OPR_PR_PuertoRico_2015_19QHV40502100_IMG_2018.img</itemName><itemLocation><linkage Sync="TRUE">file://\\igskrdcnfsmdfs1\Elevation\LEV8\PRD\Export\OPR\PR_PuertoRico_2015\USGS_NED_OPR_PR_PuertoRico_2015_19QHV40502100_IMG_2018\USGS_NED_OPR_PR_PuertoRico_2015_19QHV40502100_IMG_2018.img</linkage><protocol Sync="TRUE">Local Area Network</protocol></itemLocation><imsContentType Sync="TRUE">002</imsContentType><nativeExtBox><westBL Sync="TRUE">240500.000000</westBL><eastBL Sync="TRUE">242000.000000</eastBL><southBL Sync="TRUE">221000.000000</southBL><northBL Sync="TRUE">222500.000000</northBL><exTypeCode Sync="TRUE">1</exTypeCode></nativeExtBox></itemProps><coordRef><type Sync="TRUE">Projected</type><geogcsn Sync="TRUE">GCS_NAD_1983_2011</geogcsn><csUnits Sync="TRUE">Linear Unit: Meter (1.000000)</csUnits><projcsn Sync="TRUE">NAD_1983_2011_StatePlane_Puerto_Rico_Virgin_Isls_FIPS_5200</projcsn><peXml Sync="TRUE">&lt;ProjectedCoordinateSystem xsi:type='typens:ProjectedCoordinateSystem' xmlns:xsi='http://www.w3.org/2001/XMLSchema-instance' xmlns:xs='http://www.w3.org/2001/XMLSchema' xmlns:typens='http://www.esri.com/schemas/ArcGIS/10.1'&gt;&lt;WKT&gt;PROJCS[&amp;quot;NAD_1983_2011_StatePlane_Puerto_Rico_Virgin_Isls_FIPS_5200&amp;quot;,GEOGCS[&amp;quot;GCS_NAD_1983_2011&amp;quot;,DATUM[&amp;quot;D_NAD_1983_2011&amp;quot;,SPHEROID[&amp;quot;GRS_1980&amp;quot;,6378137.0,298.257222101]],PRIMEM[&amp;quot;Greenwich&amp;quot;,0.0],UNIT[&amp;quot;Degree&amp;quot;,0.0174532925199433]],PROJECTION[&amp;quot;Lambert_Conformal_Conic&amp;quot;],PARAMETER[&amp;quot;False_Easting&amp;quot;,200000.0],PARAMETER[&amp;quot;False_Northing&amp;quot;,200000.0],PARAMETER[&amp;quot;Central_Meridian&amp;quot;,-66.43333333333334],PARAMETER[&amp;quot;Standard_Parallel_1&amp;quot;,18.03333333333334],PARAMETER[&amp;quot;Standard_Parallel_2&amp;quot;,18.43333333333333],PARAMETER[&amp;quot;Latitude_Of_Origin&amp;quot;,17.83333333333333],UNIT[&amp;quot;Meter&amp;quot;,1.0],AUTHORITY[&amp;quot;ESRI&amp;quot;,103200]],VERTCS[&amp;quot;PRVD02_height&amp;quot;,VDATUM[&amp;quot;Puerto_Rico_Vertical_Datum_of_2002&amp;quot;],PARAMETER[&amp;quot;Vertical_Shift&amp;quot;,0.0],PARAMETER[&amp;quot;Direction&amp;quot;,1.0],UNIT[&amp;quot;Meter&amp;quot;,1.0]]&lt;/WKT&gt;&lt;XOrigin&gt;-38021900&lt;/XOrigin&gt;&lt;YOrigin&gt;-26320000&lt;/YOrigin&gt;&lt;XYScale&gt;117827727.75216551&lt;/XYScale&gt;&lt;ZOrigin&gt;-100000&lt;/ZOrigin&gt;&lt;ZScale&gt;10000&lt;/ZScale&gt;&lt;MOrigin&gt;-100000&lt;/MOrigin&gt;&lt;MScale&gt;10000&lt;/MScale&gt;&lt;XYTolerance&gt;0.001&lt;/XYTolerance&gt;&lt;ZTolerance&gt;0.001&lt;/ZTolerance&gt;&lt;MTolerance&gt;0.001&lt;/MTolerance&gt;&lt;HighPrecision&gt;true&lt;/HighPrecision&gt;&lt;WKID&gt;103200&lt;/WKID&gt;&lt;LatestWKID&gt;103200&lt;/LatestWKID&gt;&lt;/ProjectedCoordinateSystem&gt;</peXml></coordRef><RasterProperties><General><PixelDepth Sync="TRUE">32</PixelDepth><HasColormap Sync="TRUE">FALSE</HasColormap><CompressionType Sync="TRUE">RLE</CompressionType><NumBands Sync="TRUE">1</NumBands><Format Sync="TRUE">IMAGINE Image</Format><HasPyramids Sync="TRUE">TRUE</HasPyramids><SourceType Sync="TRUE">continuous</SourceType><PixelType Sync="TRUE">floating point</PixelType><NoDataValue Sync="TRUE">-3.4028231e+038</NoDataValue></General></RasterProperties><lineage><Process ToolSource="c:\arcgis\desktop10.2\ArcToolbox\Toolboxes\Data Management Tools.tbx\CopyRaster" Date="20181025" Time="211657">CopyRaster \\igskrdcnfsmdfs1\Elevation\LEV8\PRD\QC\PR_PuertoRico_2015\dem\bare_earth\be_rasters\19QHV40502100.img \\igskrdcnfsmdfs1\Elevation\LEV8\PRD\Export\OPR\PR_PuertoRico_2015\USGS_NED_OPR_PR_PuertoRico_2015_19QHV40502100_IMG_2018\USGS_NED_OPR_PR_PuertoRico_2015_19QHV40502100_IMG_2018.img # # -3.402823e+038 NONE NONE # NONE NONE</Process></lineage></DataProperties><SyncDate>20181025</SyncDate><SyncTime>21165700</SyncTime><ModDate>20181025</ModDate><ModTime>21165700</ModTime></Esri><dataIdInfo><envirDesc Sync="TRUE"> Version 6.2 (Build 9200) ; Esri ArcGIS 10.2.2.3631</envirDesc><dataLang><languageCode value="eng" Sync="TRUE"></languageCode><countryCode value="USA" Sync="TRUE"></countryCode></dataLang><idCitation><resTitle Sync="TRUE">USGS_NED_OPR_PR_PuertoRico_2015_19QHV40502100_IMG_2018.img</resTitle><presForm><PresFormCd value="005" Sync="TRUE"></PresFormCd></presForm></idCitation><spatRpType><SpatRepTypCd value="002" Sync="TRUE"></SpatRepTypCd></spatRpType><dataExt><geoEle><GeoBndBox esriExtentType="search"><exTypeCode Sync="TRUE">1</exTypeCode><westBL Sync="TRUE">-66.050866</westBL><eastBL Sync="TRUE">-66.036670</eastBL><northBL Sync="TRUE">18.036239</northBL><southBL Sync="TRUE">18.022658</southBL></GeoBndBox></geoEle></dataExt></dataIdInfo><mdLang><languageCode value="eng" Sync="TRUE"></languageCode><countryCode value="USA" Sync="TRUE"></countryCode></mdLang><mdChar><CharSetCd value="004" Sync="TRUE"></CharSetCd></mdChar><distInfo><distFormat><formatName Sync="TRUE">Raster Dataset</formatName></distFormat></distInfo><mdHrLv><ScopeCd value="005" Sync="TRUE"></ScopeCd></mdHrLv><mdHrLvName Sync="TRUE">dataset</mdHrLvName><refSysInfo><RefSystem><refSysID><identCode code="103200" Sync="TRUE"></identCode><idCodeSpace Sync="TRUE">ESRI</idCodeSpace><idVersion Sync="TRUE">10.2.1</idVersion></refSysID></RefSystem></refSysInfo><spatRepInfo><Georect><cellGeo><CellGeoCd Sync="TRUE" value="002"></CellGeoCd></cellGeo><numDims Sync="TRUE">2</numDims><tranParaAv Sync="TRUE">1</tranParaAv><chkPtAv Sync="TRUE">0</chkPtAv><cornerPts><pos Sync="TRUE">240500.000000 221000.000000</pos></cornerPts><cornerPts><pos Sync="TRUE">240500.000000 222500.000000</pos></cornerPts><cornerPts><pos Sync="TRUE">242000.000000 222500.000000</pos></cornerPts><cornerPts><pos Sync="TRUE">242000.000000 221000.000000</pos></cornerPts><centerPt><pos Sync="TRUE">241250.000000 221750.000000</pos></centerPt><axisDimension type="002"><dimSize Sync="TRUE">1500</dimSize><dimResol><value Sync="TRUE" uom="Meter">1.000000</value></dimResol></axisDimension><axisDimension type="001"><dimSize Sync="TRUE">1500</dimSize><dimResol><value Sync="TRUE" uom="Meter">1.000000</value></dimResol></axisDimension><ptInPixel><PixOrientCd Sync="TRUE" value="001"></PixOrientCd></ptInPixel></Georect></spatRepInfo><contInfo><ImgDesc><contentTyp><ContentTypCd Sync="TRUE" value="001"></ContentTypCd></contentTyp><covDim><Band><dimDescrp Sync="TRUE">Layer_1</dimDescrp><bitsPerVal Sync="TRUE">32</bitsPerVal><valUnit><UOM type="length"></UOM></valUnit></Band></covDim></ImgDesc></contInfo><mdDateSt Sync="TRUE">20181025</mdDateSt></metadata>
