system to first house,18.058248000000003,-66.032083,2019-08-05 17:49:06+00:00,0.0001801849723465989,174.538
system to first house,18.0582378,-66.03208000000001,2019-08-05 17:49:12+00:00,0.0001801849723465989,173.65800000000002
system to first house,18.0582348,-66.03206879999999,2019-08-05 17:49:19+00:00,0.0001801849723465989,172.878
system to first house,18.058231399999997,-66.0320526,2019-08-05 17:49:23+00:00,0.0001801849723465989,172.118
system to first house,18.0582376,-66.0320276,2019-08-05 17:49:25+00:00,0.0001801849723465989,171.398
system to first house,18.058245,-66.032003,2019-08-05 17:49:27+00:00,0.0001801849723465989,170.82800000000003
system to first house,18.058256600000004,-66.0319798,2019-08-05 17:49:28+00:00,0.0001801849723465989,170.458
system to first house,18.0582726,-66.03195600000001,2019-08-05 17:49:29+00:00,0.0001801849723465989,170.27800000000002
system to first house,18.0582918,-66.0319284,2019-08-05 17:49:30+00:00,0.0001801849723465989,170.108
system to first house,18.058314199999998,-66.03189880000001,2019-08-05 17:49:31+00:00,0.0001801849723465989,169.848
system to first house,18.0583372,-66.03186720000001,2019-08-05 17:49:32+00:00,0.0001801849723465989,169.608
system to first house,18.058361400000006,-66.03183680000001,2019-08-05 17:49:33+00:00,0.0001801849723465989,169.31799999999998
system to first house,18.058384600000004,-66.0318068,2019-08-05 17:49:34+00:00,0.0001801849723465989,169.07800000000003
system to first house,18.0584068,-66.03178,2019-08-05 17:49:35+00:00,0.0001801849723465989,168.878
system to first house,18.0584248,-66.0317582,2019-08-05 17:49:36+00:00,0.0001801849723465989,168.71800000000002
system to first house,18.058441199999997,-66.03173840000001,2019-08-05 17:49:37+00:00,0.0001801849723465989,168.668
system to first house,18.058453399999998,-66.0317206,2019-08-05 17:49:40+00:00,0.0001801849723465989,168.71800000000002
system to first house,18.058463600000003,-66.03170180000001,2019-08-05 17:49:45+00:00,0.0001801849723465989,168.868
system to first house,18.058469,-66.0316822,2019-08-05 17:49:47+00:00,0.0001801849723465989,169.228
system to first house,18.058471000000004,-66.03166379999999,2019-08-05 17:49:50+00:00,0.0001801849723465989,169.638
system to first house,18.058468600000005,-66.0316454,2019-08-05 17:49:53+00:00,0.0001801849723465989,170.08800000000002
system to first house,18.0584626,-66.031628,2019-08-05 17:49:55+00:00,0.0001801849723465989,170.50799999999998
system to first house,18.0584498,-66.0316134,2019-08-05 17:49:57+00:00,0.0001801849723465989,170.918
system to first house,18.0584342,-66.0316024,2019-08-05 17:49:59+00:00,0.0001801849723465989,171.488
system to first house,18.0584148,-66.03159540000001,2019-08-05 17:50:01+00:00,0.0001801849723465989,171.82800000000003
system to first house,18.0583948,-66.03159260000001,2019-08-05 17:50:03+00:00,0.0001801849723465989,172.168
system to first house,18.0583682,-66.03159060000002,2019-08-05 17:50:04+00:00,0.0001801849723465989,172.108
system to first house,18.0583332,-66.0315896,2019-08-05 17:50:05+00:00,0.0001801849723465989,172.08800000000002
system to first house,18.058288600000004,-66.031586,2019-08-05 17:50:06+00:00,0.0001801849723465989,171.808
system to first house,18.058235999999997,-66.0315834,2019-08-05 17:50:07+00:00,0.0001801849723465989,171.478
system to first house,18.0581804,-66.03158040000001,2019-08-05 17:50:08+00:00,0.0001801849723465989,170.948
system to first house,18.058123,-66.03158040000001,2019-08-05 17:50:09+00:00,0.0001801849723465989,170.498
system to first house,18.0580668,-66.03158020000001,2019-08-05 17:50:10+00:00,0.0001801849723465989,169.978
system to first house,18.0580126,-66.0315776,2019-08-05 17:50:11+00:00,0.0001801849723465989,169.46800000000002
system to first house,18.057965600000003,-66.03157180000001,2019-08-05 17:50:12+00:00,0.0001801849723465989,168.728
system to first house,18.0579298,-66.03156379999999,2019-08-05 17:50:13+00:00,0.0001801849723465989,167.648
system to first house,18.057904999999998,-66.0315566,2019-08-05 17:50:14+00:00,0.0001801849723465989,166.288
system to first house,18.057888,-66.03154939999999,2019-08-05 17:50:15+00:00,0.0001801849723465989,164.848
system to first house,18.057873,-66.0315454,2019-08-05 17:50:16+00:00,0.0001801849723465989,164.348
system to first house,18.0578548,-66.03153979999999,2019-08-05 17:50:17+00:00,0.0001801849723465989,163.898
system to first house,18.0578322,-66.03153879999999,2019-08-05 17:50:18+00:00,0.0001801849723465989,164.27800000000002
system to first house,18.0578082,-66.03154,2019-08-05 17:50:19+00:00,0.0001801849723465989,164.078
system to first house,18.057783800000006,-66.0315482,2019-08-05 17:50:20+00:00,0.0001801849723465989,164.058
system to first house,18.057764199999998,-66.0315632,2019-08-05 17:50:21+00:00,0.0001801849723465989,163.988
system to first house,18.0577436,-66.03158260000001,2019-08-05 17:50:22+00:00,0.0001801849723465989,163.92800000000003
system to first house,18.057723000000006,-66.03160740000001,2019-08-05 17:50:23+00:00,0.0001801849723465989,163.938
system to first house,18.0576976,-66.0316318,2019-08-05 17:50:24+00:00,0.0001801849723465989,163.92800000000003
system to first house,18.057672200000006,-66.03165720000001,2019-08-05 17:50:25+00:00,0.0001801849723465989,163.858
system to first house,18.0576398,-66.03167739999999,2019-08-05 17:50:26+00:00,0.0001801849723465989,163.808
system to first house,18.057608399999996,-66.03169340000001,2019-08-05 17:50:27+00:00,0.0001801849723465989,163.608
system to first house,18.057571000000006,-66.03170420000001,2019-08-05 17:50:28+00:00,0.0001801849723465989,163.42800000000003
system to first house,18.0575326,-66.03171060000001,2019-08-05 17:50:29+00:00,0.0001801849723465989,163.288
system to first house,18.057492600000003,-66.03171660000001,2019-08-05 17:50:30+00:00,0.0001801849723465989,163.17800000000003
system to first house,18.0574486,-66.0317222,2019-08-05 17:50:31+00:00,0.0001801849723465989,163.19799999999998
system to first house,18.0574046,-66.03172839999999,2019-08-05 17:50:32+00:00,0.0001801849723465989,163.12800000000004
system to first house,18.057360000000006,-66.031735,2019-08-05 17:50:33+00:00,0.0001801849723465989,162.948
system to first house,18.0573188,-66.0317404,2019-08-05 17:50:34+00:00,0.0001801849723465989,162.73800000000003
system to first house,18.0572806,-66.0317464,2019-08-05 17:50:35+00:00,0.0001801849723465989,162.558
system to first house,18.057244600000004,-66.0317522,2019-08-05 17:50:36+00:00,0.0001801849723465989,162.47799999999998
system to first house,18.057208,-66.03175999999999,2019-08-05 17:50:37+00:00,0.0001801849723465989,162.40800000000002
system to first house,18.057171399999998,-66.03176719999999,2019-08-05 17:50:38+00:00,0.0001801849723465989,162.33800000000002
system to first house,18.0571346,-66.03178079999999,2019-08-05 17:50:39+00:00,0.0001801849723465989,161.118
system to first house,18.057098,-66.03179560000001,2019-08-05 17:50:40+00:00,0.0001801849723465989,159.83800000000002
system to first house,18.057060600000003,-66.0318146,2019-08-05 17:50:41+00:00,0.0001801849723465989,158.13800000000003
system to first house,18.057023,-66.0318338,2019-08-05 17:50:42+00:00,0.0001801849723465989,157.06800000000004
system to first house,18.056988600000004,-66.0318522,2019-08-05 17:50:43+00:00,0.0001801849723465989,156.56800000000004
system to first house,18.0569616,-66.0318678,2019-08-05 17:50:44+00:00,0.0001801849723465989,156.168
system to first house,18.0569346,-66.031885,2019-08-05 17:50:45+00:00,0.0001801849723465989,156.108
system to first house,18.0569148,-66.0318978,2019-08-05 17:50:47+00:00,0.0001801849723465989,156.118
system to first house,18.056890600000006,-66.03191140000001,2019-08-05 17:50:48+00:00,0.0001801849723465989,156.248
system to first house,18.0568726,-66.03192340000001,2019-08-05 17:50:49+00:00,0.0001801849723465989,156.23800000000003
system to first house,18.0568546,-66.03193540000001,2019-08-05 17:50:50+00:00,0.0001801849723465989,156.168
system to first house,18.0568376,-66.03195120000001,2019-08-05 17:50:51+00:00,0.0001801849723465989,156.06800000000004
system to first house,18.056817199999998,-66.03197,2019-08-05 17:50:52+00:00,0.0001801849723465989,155.938
system to first house,18.056795,-66.0319934,2019-08-05 17:50:53+00:00,0.0001801849723465989,155.788
system to first house,18.05677,-66.0320208,2019-08-05 17:50:54+00:00,0.0001801849723465989,155.65800000000002
system to first house,18.056741,-66.03205260000001,2019-08-05 17:50:55+00:00,0.0001801849723465989,155.77800000000002
system to first house,18.0567112,-66.03208760000001,2019-08-05 17:50:56+00:00,0.0001801849723465989,155.878
system to first house,18.05668,-66.0321246,2019-08-05 17:50:57+00:00,0.0001801849723465989,156.118
system to first house,18.0566518,-66.0321618,2019-08-05 17:50:58+00:00,0.0001801849723465989,156.108
system to first house,18.0566288,-66.03219720000001,2019-08-05 17:50:59+00:00,0.0001801849723465989,156.01800000000003
system to first house,18.0566084,-66.0322266,2019-08-05 17:51:00+00:00,0.0001801849723465989,155.858
system to first house,18.056593399999997,-66.03225139999999,2019-08-05 17:51:01+00:00,0.0001801849723465989,155.62800000000004
system to first house,18.0565788,-66.0322726,2019-08-05 17:51:02+00:00,0.0001801849723465989,155.308
system to first house,18.056565600000003,-66.03229540000001,2019-08-05 17:51:03+00:00,0.0001801849723465989,155.06800000000004
system to first house,18.0565506,-66.0323238,2019-08-05 17:51:04+00:00,0.0001801849723465989,154.75799999999998
system to first house,18.0565326,-66.0323588,2019-08-05 17:51:05+00:00,0.0001801849723465989,154.608
system to first house,18.0565138,-66.03240120000001,2019-08-05 17:51:06+00:00,0.0001801849723465989,154.348
system to first house,18.056492199999997,-66.03245079999999,2019-08-05 17:51:07+00:00,0.0001801849723465989,154.08800000000002
system to first house,18.0564718,-66.0325062,2019-08-05 17:51:08+00:00,0.0001801849723465989,153.748
system to first house,18.056453,-66.03256340000002,2019-08-05 17:51:09+00:00,0.0001801849723465989,153.46800000000002
system to first house,18.0564396,-66.03262140000001,2019-08-05 17:51:10+00:00,0.0001801849723465989,153.108
system to first house,18.056431600000003,-66.0326764,2019-08-05 17:51:11+00:00,0.0001801849723465989,152.808
system to first house,18.0564308,-66.03273060000001,2019-08-05 17:51:12+00:00,0.0001801849723465989,152.47799999999998
system to first house,18.0564342,-66.032781,2019-08-05 17:51:13+00:00,0.0001801849723465989,152.228
system to first house,18.0564414,-66.0328252,2019-08-05 17:51:14+00:00,0.0001801849723465989,152.118
system to first house,18.0564488,-66.03286220000001,2019-08-05 17:51:15+00:00,0.0001801849723465989,151.988
system to first house,18.0564564,-66.0328926,2019-08-05 17:51:16+00:00,0.0001801849723465989,151.92800000000003
system to first house,18.0564634,-66.03292040000001,2019-08-05 17:51:17+00:00,0.0001801849723465989,150.876
system to first house,18.0564718,-66.03294960000001,2019-08-05 17:51:18+00:00,0.0001801849723465989,150.876
system to first house,18.0564826,-66.0329836,2019-08-05 17:51:19+00:00,0.0001801849723465989,150.876
system to first house,18.056494600000004,-66.0330246,2019-08-05 17:51:20+00:00,0.0001801849723465989,150.876
system to first house,18.0565096,-66.033073,2019-08-05 17:51:21+00:00,0.0001801849723465989,150.876
system to first house,18.056523400000003,-66.033128,2019-08-05 17:51:22+00:00,0.0001801849723465989,150.876
system to first house,18.056537600000002,-66.0331868,2019-08-05 17:51:23+00:00,0.0001801849723465989,150.876
system to first house,18.0565456,-66.03324839999999,2019-08-05 17:51:24+00:00,0.0001801849723465989,150.876
system to first house,18.056549399999998,-66.03330980000001,2019-08-05 17:51:25+00:00,0.0001801849723465989,150.876
system to first house,18.056548,-66.0333706,2019-08-05 17:51:26+00:00,0.0001801849723465989,150.876
system to first house,18.0565446,-66.03342760000001,2019-08-05 17:51:27+00:00,0.0001801849723465989,150.876
system to first house,18.0565454,-66.0334818,2019-08-05 17:51:28+00:00,0.0001801849723465989,150.876
system to first house,18.056554000000002,-66.03353179999999,2019-08-05 17:51:29+00:00,0.0001801849723465989,150.876
system to first house,18.0565744,-66.03357720000001,2019-08-05 17:51:30+00:00,0.0001801849723465989,150.876
system to first house,18.056605800000003,-66.0336184,2019-08-05 17:51:31+00:00,0.0001801849723465989,150.876
system to first house,18.056643800000003,-66.03365840000001,2019-08-05 17:51:32+00:00,0.0001801849723465989,149.538
system to first house,18.056684600000004,-66.033698,2019-08-05 17:51:33+00:00,0.0001801849723465989,148.81799999999998
system to first house,18.056725600000004,-66.03374120000001,2019-08-05 17:51:34+00:00,0.0001801849723465989,147.65800000000002
system to first house,18.056764,-66.03378620000001,2019-08-05 17:51:35+00:00,0.0001801849723465989,146.23800000000003
system to first house,18.056804999999997,-66.0338378,2019-08-05 17:51:36+00:00,0.0001801849723465989,145.648
system to first house,18.0568468,-66.03389100000001,2019-08-05 17:51:37+00:00,0.0001801849723465989,145.248
system to first house,18.0568954,-66.0339452,2019-08-05 17:51:38+00:00,0.0001801849723465989,145.668
system to first house,18.0569444,-66.03398639999999,2019-08-05 17:51:39+00:00,0.0001801849723465989,145.878
system to first house,18.056995399999998,-66.0340144,2019-08-05 17:51:40+00:00,0.0001801849723465989,146.25799999999998
system to first house,18.057043,-66.0340252,2019-08-05 17:51:41+00:00,0.0001801849723465989,146.888
system to first house,18.057090399999996,-66.03402200000001,2019-08-05 17:51:42+00:00,0.0001801849723465989,147.808
system to first house,18.057136399999997,-66.03400540000001,2019-08-05 17:51:43+00:00,0.0001801849723465989,148.858
system to first house,18.057181,-66.03397560000002,2019-08-05 17:51:44+00:00,0.0001801849723465989,149.648
system to first house,18.0572242,-66.03393480000001,2019-08-05 17:51:45+00:00,0.0001801849723465989,150.876
system to first house,18.0572674,-66.03389000000001,2019-08-05 17:51:46+00:00,0.0001801849723465989,150.876
system to first house,18.0573142,-66.03384580000001,2019-08-05 17:51:47+00:00,0.0001801849723465989,150.876
system to first house,18.0573638,-66.03380820000001,2019-08-05 17:51:48+00:00,0.0001801849723465989,150.876
system to first house,18.057412399999997,-66.0337782,2019-08-05 17:51:49+00:00,0.0001801849723465989,150.876
system to first house,18.057454000000003,-66.0337566,2019-08-05 17:51:50+00:00,0.0001801849723465989,150.876
system to first house,18.057488400000004,-66.03373920000001,2019-08-05 17:51:51+00:00,0.0001801849723465989,150.876
system to first house,18.057522,-66.03372300000001,2019-08-05 17:51:52+00:00,0.0001801849723465989,150.876
system to first house,18.057558400000005,-66.0337054,2019-08-05 17:51:53+00:00,0.0001801849723465989,150.876
system to first house,18.0576004,-66.03368640000001,2019-08-05 17:51:54+00:00,0.0001801849723465989,150.876
system to first house,18.057645,-66.03366720000001,2019-08-05 17:51:55+00:00,0.0001801849723465989,150.876
system to first house,18.0576904,-66.03365,2019-08-05 17:51:56+00:00,0.0001801849723465989,150.876
system to first house,18.0577336,-66.0336362,2019-08-05 17:51:57+00:00,0.0001801849723465989,150.876
system to first house,18.057772,-66.03362879999999,2019-08-05 17:51:58+00:00,0.0001801849723465989,150.876
system to first house,18.0578028,-66.03363159999999,2019-08-05 17:51:59+00:00,0.0001801849723465989,150.876
system to first house,18.057824,-66.03364160000001,2019-08-05 17:52:00+00:00,0.0001801849723465989,150.876
system to first house,18.0578396,-66.0336608,2019-08-05 17:52:01+00:00,0.0001801849723465989,150.876
system to first house,18.0578534,-66.0336878,2019-08-05 17:52:02+00:00,0.0001801849723465989,150.876
system to first house,18.057866399999998,-66.0337204,2019-08-05 17:52:03+00:00,0.0001801849723465989,150.876
system to first house,18.0578798,-66.03375799999999,2019-08-05 17:52:04+00:00,0.0001801849723465989,150.876
system to first house,18.057887,-66.0337976,2019-08-05 17:52:05+00:00,0.0001801849723465989,150.876
system to first house,18.0578886,-66.0338392,2019-08-05 17:52:06+00:00,0.0001801849723465989,150.876
system to first house,18.057883399999998,-66.033885,2019-08-05 17:52:07+00:00,0.0001801849723465989,152.018
system to first house,18.057875,-66.03393299999999,2019-08-05 17:52:08+00:00,0.0001801849723465989,152.25799999999998
system to first house,18.0578662,-66.03398380000002,2019-08-05 17:52:09+00:00,0.0001801849723465989,152.62800000000004
system to first house,18.057858,-66.0340334,2019-08-05 17:52:10+00:00,0.0001801849723465989,152.81799999999998
system to first house,18.0578538,-66.0340798,2019-08-05 17:52:11+00:00,0.0001801849723465989,153.038
system to first house,18.057853,-66.03411700000001,2019-08-05 17:52:12+00:00,0.0001801849723465989,153.138
system to first house,18.0578548,-66.0341472,2019-08-05 17:52:13+00:00,0.0001801849723465989,153.14800000000002
system to first house,18.057856,-66.0341618,2019-08-05 17:52:15+00:00,0.0001801849723465989,152.698
system to first house,18.057855399999998,-66.0341698,2019-08-05 17:52:17+00:00,0.0001801849723465989,151.95800000000003
system to first house,18.057853,-66.03416800000001,2019-08-05 17:52:22+00:00,0.0001801849723465989,150.876
system to first house,18.0578514,-66.03416460000001,2019-08-05 17:52:26+00:00,0.0001801849723465989,149.688
system to first house,18.0578488,-66.03416139999999,2019-08-05 17:52:30+00:00,0.0001801849723465989,148.47799999999998
system to first house,18.057847199999998,-66.03415799999999,2019-08-05 17:52:34+00:00,0.0001801849723465989,147.298
system to first house,18.0578438,-66.0341542,2019-08-05 17:52:38+00:00,0.0001801849723465989,146.108
system to first house,18.057841399999997,-66.0341504,2019-08-05 17:52:42+00:00,0.0001801849723465989,144.988
system to first house,18.057838399999998,-66.0341464,2019-08-05 17:52:46+00:00,0.0001801849723465989,143.90800000000002
system to first house,18.057835600000004,-66.034143,2019-08-05 17:52:51+00:00,0.0001801849723465989,142.83800000000002
system to first house,18.057833399999996,-66.0341396,2019-08-05 17:52:55+00:00,0.0001801849723465989,141.788
system to first house,18.0578318,-66.0341364,2019-08-05 17:53:00+00:00,0.0001801849723465989,140.738
system to first house,18.057833,-66.03413420000001,2019-08-05 17:53:09+00:00,0.0001801849723465989,140.50799999999998
system to first house,18.0578348,-66.0341362,2019-08-05 17:53:46+00:00,0.0001801849723465989,140.668
system to first house,18.057838399999998,-66.0341394,2019-08-05 17:53:51+00:00,0.0001801849723465989,141.65800000000002
system to first house,18.057840600000002,-66.03414380000001,2019-08-05 17:53:56+00:00,0.0001801849723465989,142.638
system to first house,18.0578442,-66.03414839999999,2019-08-05 17:53:59+00:00,0.0001801849723465989,143.83800000000002
system to first house,18.0578472,-66.03415220000001,2019-08-05 17:54:02+00:00,0.0001801849723465989,145.078
system to first house,18.0578514,-66.03415720000001,2019-08-05 17:54:04+00:00,0.0001801849723465989,146.368
system to first house,18.0578538,-66.0341606,2019-08-05 17:54:07+00:00,0.0001801849723465989,147.518
system to first house,18.0578564,-66.0341634,2019-08-05 17:54:10+00:00,0.0001801849723465989,148.598
system to first house,18.057858000000003,-66.0341664,2019-08-05 17:54:14+00:00,0.0001801849723465989,149.64800000000002
system to first house,18.057857199999997,-66.0341808,2019-08-05 17:54:20+00:00,0.0001801849723465989,150.876
system to first house,18.057853400000006,-66.03419939999999,2019-08-05 17:54:29+00:00,0.0001801849723465989,150.876
system to first house,18.0578444,-66.0342264,2019-08-05 17:54:30+00:00,0.0001801849723465989,150.876
system to first house,18.057831,-66.0342514,2019-08-05 17:54:31+00:00,0.0001801849723465989,150.876
system to first house,18.0578142,-66.0342754,2019-08-05 17:54:32+00:00,0.0001801849723465989,151.95800000000003
system to first house,18.057793,-66.0343012,2019-08-05 17:54:33+00:00,0.0001801849723465989,152.20800000000003
system to first house,18.0577672,-66.03433079999999,2019-08-05 17:54:34+00:00,0.0001801849723465989,152.50799999999998
system to first house,18.057734000000004,-66.0343622,2019-08-05 17:54:35+00:00,0.0001801849723465989,152.77800000000002
system to first house,18.0576956,-66.0343976,2019-08-05 17:54:36+00:00,0.0001801849723465989,153.07800000000003
system to first house,18.0576514,-66.03443299999999,2019-08-05 17:54:37+00:00,0.0001801849723465989,153.51800000000003
system to first house,18.057606399999997,-66.0344704,2019-08-05 17:54:38+00:00,0.0001801849723465989,154.02800000000002
system to first house,18.0575568,-66.0345096,2019-08-05 17:54:39+00:00,0.0001801849723465989,154.668
system to first house,18.0575072,-66.0345496,2019-08-05 17:54:40+00:00,0.0001801849723465989,155.23800000000003
system to first house,18.0574526,-66.0345906,2019-08-05 17:54:41+00:00,0.0001801849723465989,155.788
system to first house,18.0573988,-66.0346318,2019-08-05 17:54:42+00:00,0.0001801849723465989,156.31800000000004
system to first house,18.0573418,-66.0346722,2019-08-05 17:54:43+00:00,0.0001801849723465989,156.75799999999998
system to first house,18.057283400000006,-66.0347118,2019-08-05 17:54:44+00:00,0.0001801849723465989,157.13800000000003
system to first house,18.057221,-66.0347464,2019-08-05 17:54:45+00:00,0.0001801849723465989,157.518
system to first house,18.0571556,-66.034774,2019-08-05 17:54:46+00:00,0.0001801849723465989,157.918
system to first house,18.0570872,-66.0347936,2019-08-05 17:54:47+00:00,0.0001801849723465989,158.38800000000003
system to first house,18.0570172,-66.0348024,2019-08-05 17:54:48+00:00,0.0001801849723465989,158.878
system to first house,18.0569436,-66.0348076,2019-08-05 17:54:49+00:00,0.0001801849723465989,159.20800000000003
system to first house,18.0568712,-66.03480440000001,2019-08-05 17:54:50+00:00,0.0001801849723465989,159.52800000000002
system to first house,18.0568048,-66.03479739999999,2019-08-05 17:54:51+00:00,0.0001801849723465989,160.48800000000003
system to first house,18.0567434,-66.0347966,2019-08-05 17:54:52+00:00,0.0001801849723465989,161.00800000000004
system to first house,18.0566908,-66.03480479999999,2019-08-05 17:54:53+00:00,0.0001801849723465989,161.868
system to first house,18.056642,-66.0348352,2019-08-05 17:54:54+00:00,0.0001801849723465989,161.81800000000004
system to first house,18.056604,-66.0348784,2019-08-05 17:54:55+00:00,0.0001801849723465989,161.75799999999998
system to first house,18.0565782,-66.0349344,2019-08-05 17:54:56+00:00,0.0001801849723465989,161.668
system to first house,18.056565399999997,-66.03499939999999,2019-08-05 17:54:57+00:00,0.0001801849723465989,161.628
system to first house,18.056562399999997,-66.03507339999999,2019-08-05 17:54:58+00:00,0.0001801849723465989,161.56799999999998
system to first house,18.056563,-66.0351534,2019-08-05 17:54:59+00:00,0.0001801849723465989,161.498
system to first house,18.056559399999998,-66.03523639999999,2019-08-05 17:55:00+00:00,0.0001801849723465989,161.46800000000002
system to first house,18.0565466,-66.03531960000001,2019-08-05 17:55:01+00:00,0.0001801849723465989,161.578
system to first house,18.0565168,-66.0353978,2019-08-05 17:55:02+00:00,0.0001801849723465989,161.75799999999998
system to first house,18.056472,-66.0354698,2019-08-05 17:55:03+00:00,0.0001801849723465989,162.098
system to first house,18.0564154,-66.0355322,2019-08-05 17:55:04+00:00,0.0001801849723465989,162.48800000000003
system to first house,18.056355000000003,-66.0355912,2019-08-05 17:55:05+00:00,0.0001801849723465989,162.96800000000002
system to first house,18.056300399999998,-66.03565080000001,2019-08-05 17:55:06+00:00,0.0001801849723465989,163.518
system to first house,18.056252399999998,-66.0357138,2019-08-05 17:55:07+00:00,0.0001801849723465989,163.998
system to first house,18.056214399999998,-66.03578240000002,2019-08-05 17:55:08+00:00,0.0001801849723465989,164.438
system to first house,18.0561834,-66.03585460000001,2019-08-05 17:55:09+00:00,0.0001801849723465989,164.83800000000002
system to first house,18.056156400000006,-66.0359304,2019-08-05 17:55:10+00:00,0.0001801849723465989,165.298
system to first house,18.056129400000003,-66.0360088,2019-08-05 17:55:11+00:00,0.0001801849723465989,165.748
system to first house,18.056094800000004,-66.03608600000001,2019-08-05 17:55:12+00:00,0.0001801849723465989,166.21800000000002
system to first house,18.0560532,-66.036159,2019-08-05 17:55:13+00:00,0.0001801849723465989,166.558
system to first house,18.056003399999998,-66.03622480000001,2019-08-05 17:55:14+00:00,0.0001801849723465989,166.71800000000002
system to first house,18.055946399999996,-66.0362826,2019-08-05 17:55:15+00:00,0.0001801849723465989,166.698
system to first house,18.055884399999997,-66.03633520000001,2019-08-05 17:55:16+00:00,0.0001801849723465989,166.518
system to first house,18.0558152,-66.0363834,2019-08-05 17:55:17+00:00,0.0001801849723465989,166.08800000000002
system to first house,18.0557402,-66.0364232,2019-08-05 17:55:18+00:00,0.0001801849723465989,165.678
system to first house,18.055661800000003,-66.0364476,2019-08-05 17:55:19+00:00,0.0001801849723465989,165.198
system to first house,18.055579,-66.0364576,2019-08-05 17:55:20+00:00,0.0001801849723465989,164.828
system to first house,18.0554948,-66.0364576,2019-08-05 17:55:21+00:00,0.0001801849723465989,164.348
system to first house,18.055405200000006,-66.0364568,2019-08-05 17:55:22+00:00,0.0001801849723465989,163.77800000000002
system to first house,18.0553158,-66.03644800000001,2019-08-05 17:55:23+00:00,0.0001801849723465989,163.248
system to first house,18.055222600000004,-66.0364342,2019-08-05 17:55:24+00:00,0.0001801849723465989,162.81799999999998
system to first house,18.055132200000006,-66.036408,2019-08-05 17:55:25+00:00,0.0001801849723465989,162.578
system to first house,18.0550424,-66.03637239999999,2019-08-05 17:55:26+00:00,0.0001801849723465989,162.498
system to first house,18.054955399999997,-66.0363294,2019-08-05 17:55:27+00:00,0.0001801849723465989,162.57800000000003
system to first house,18.054871399999996,-66.0362844,2019-08-05 17:55:28+00:00,0.0001801849723465989,162.91799999999998
system to first house,18.054786399999998,-66.0362406,2019-08-05 17:55:29+00:00,0.0001801849723465989,163.17800000000003
system to first house,18.0546998,-66.03620500000001,2019-08-05 17:55:30+00:00,0.0001801849723465989,163.378
system to first house,18.054609,-66.03617320000001,2019-08-05 17:55:31+00:00,0.0001801849723465989,163.348
system to first house,18.054509600000006,-66.0361494,2019-08-05 17:55:32+00:00,0.0001801849723465989,163.15800000000002
system to first house,18.054412600000006,-66.0361226,2019-08-05 17:55:33+00:00,0.0001801849723465989,162.788
system to first house,18.0543186,-66.03609560000001,2019-08-05 17:55:34+00:00,0.0001801849723465989,162.46800000000002
system to first house,18.0542402,-66.03606080000002,2019-08-05 17:55:35+00:00,0.0001801849723465989,162.078
system to first house,18.054172,-66.03602439999999,2019-08-05 17:55:36+00:00,0.0001801849723465989,161.798
system to first house,18.054107199999997,-66.03598840000001,2019-08-05 17:55:37+00:00,0.0001801849723465989,161.418
system to first house,18.054041,-66.03595379999999,2019-08-05 17:55:38+00:00,0.0001801849723465989,161.06799999999998
system to first house,18.053969800000004,-66.0359238,2019-08-05 17:55:39+00:00,0.0001801849723465989,160.65800000000002
system to first house,18.0538948,-66.03590200000001,2019-08-05 17:55:40+00:00,0.0001801849723465989,160.22799999999998
system to first house,18.053818000000003,-66.0358894,2019-08-05 17:55:41+00:00,0.0001801849723465989,159.64800000000002
system to first house,18.0537376,-66.03589099999999,2019-08-05 17:55:42+00:00,0.0001801849723465989,158.868
system to first house,18.053657200000004,-66.03590580000001,2019-08-05 17:55:43+00:00,0.0001801849723465989,158.168
system to first house,18.0535734,-66.0359346,2019-08-05 17:55:44+00:00,0.0001801849723465989,157.378
system to first house,18.053489199999998,-66.03597239999999,2019-08-05 17:55:45+00:00,0.0001801849723465989,156.81799999999998
system to first house,18.0534026,-66.03601900000001,2019-08-05 17:55:46+00:00,0.0001801849723465989,156.21800000000002
system to first house,18.0533154,-66.03607400000001,2019-08-05 17:55:47+00:00,0.0001801849723465989,155.608
system to first house,18.053230000000006,-66.03613820000001,2019-08-05 17:55:48+00:00,0.0001801849723465989,154.918
system to first house,18.053146400000006,-66.03621000000001,2019-08-05 17:55:49+00:00,0.0001801849723465989,154.15800000000002
system to first house,18.053064600000006,-66.03628560000001,2019-08-05 17:55:50+00:00,0.0001801849723465989,153.48800000000003
system to first house,18.0529846,-66.03636420000001,2019-08-05 17:55:51+00:00,0.0001801849723465989,152.90800000000002
system to first house,18.0529042,-66.036443,2019-08-05 17:55:52+00:00,0.0001801849723465989,152.418
system to first house,18.052825,-66.03652100000001,2019-08-05 17:55:53+00:00,0.0001801849723465989,151.878
system to first house,18.052743399999997,-66.036596,2019-08-05 17:55:54+00:00,0.0001801849723465989,150.876
system to first house,18.0526622,-66.036666,2019-08-05 17:55:55+00:00,0.0001801849723465989,150.876
system to first house,18.0525736,-66.03672900000001,2019-08-05 17:55:56+00:00,0.0001801849723465989,150.876
system to first house,18.0524786,-66.0367848,2019-08-05 17:55:57+00:00,0.0001801849723465989,150.876
system to first house,18.052372199999997,-66.0368334,2019-08-05 17:55:58+00:00,0.0001801849723465989,149.21800000000002
system to first house,18.0522544,-66.03687880000001,2019-08-05 17:55:59+00:00,0.0001801849723465989,148.50799999999998
system to first house,18.0521326,-66.03692099999999,2019-08-05 17:56:00+00:00,0.0001801849723465989,147.698
system to first house,18.052004,-66.03696219999999,2019-08-05 17:56:01+00:00,0.0001801849723465989,147.01800000000003
system to first house,18.051876,-66.0370006,2019-08-05 17:56:02+00:00,0.0001801849723465989,146.42800000000003
system to first house,18.051745999999998,-66.037038,2019-08-05 17:56:03+00:00,0.0001801849723465989,145.988
system to first house,18.0516168,-66.0370742,2019-08-05 17:56:04+00:00,0.0001801849723465989,145.56799999999998
system to first house,18.0514892,-66.03711039999999,2019-08-05 17:56:05+00:00,0.0001801849723465989,145.288
system to first house,18.0513642,-66.03714520000001,2019-08-05 17:56:06+00:00,0.0001801849723465989,145.078
system to first house,18.051244600000004,-66.03718040000001,2019-08-05 17:56:07+00:00,0.0001801849723465989,144.998
system to first house,18.051132000000006,-66.0372134,2019-08-05 17:56:08+00:00,0.0001801849723465989,144.848
system to first house,18.0510274,-66.03724360000001,2019-08-05 17:56:09+00:00,0.0001801849723465989,144.71800000000002
system to first house,18.0509276,-66.0372658,2019-08-05 17:56:10+00:00,0.0001801849723465989,144.538
system to first house,18.0508312,-66.0372774,2019-08-05 17:56:11+00:00,0.0001801849723465989,144.318
system to first house,18.050738199999998,-66.0372814,2019-08-05 17:56:12+00:00,0.0001801849723465989,144.12800000000001
system to first house,18.0506476,-66.03727679999999,2019-08-05 17:56:13+00:00,0.0001801849723465989,143.95800000000003
system to first house,18.0505592,-66.0372706,2019-08-05 17:56:14+00:00,0.0001801849723465989,143.89800000000002
system to first house,18.05046,-66.03725899999999,2019-08-05 17:56:15+00:00,0.0001801849723465989,143.46800000000002
system to first house,18.0503582,-66.0372508,2019-08-05 17:56:16+00:00,0.0001801849723465989,143.068
system to first house,18.050246,-66.037245,2019-08-05 17:56:17+00:00,0.0001801849723465989,142.15800000000002
system to first house,18.0501388,-66.0372486,2019-08-05 17:56:18+00:00,0.0001801849723465989,141.238
system to first house,18.050031,-66.03726160000001,2019-08-05 17:56:19+00:00,0.0001801849723465989,140.488
system to first house,18.049926,-66.0372826,2019-08-05 17:56:20+00:00,0.0001801849723465989,139.77800000000002
system to first house,18.049819,-66.0373108,2019-08-05 17:56:21+00:00,0.0001801849723465989,139.378
system to first house,18.049710600000004,-66.0373402,2019-08-05 17:56:22+00:00,0.0001801849723465989,138.888
system to first house,18.049602399999998,-66.03737240000001,2019-08-05 17:56:23+00:00,0.0001801849723465989,138.338
system to first house,18.049497,-66.037403,2019-08-05 17:56:24+00:00,0.0001801849723465989,137.748
system to first house,18.049395,-66.0374334,2019-08-05 17:56:25+00:00,0.0001801849723465989,137.038
system to first house,18.0492962,-66.03745860000001,2019-08-05 17:56:26+00:00,0.0001801849723465989,136.298
system to first house,18.049198800000003,-66.03748060000001,2019-08-05 17:56:27+00:00,0.0001801849723465989,135.488
system to first house,18.0491078,-66.0374956,2019-08-05 17:56:28+00:00,0.0001801849723465989,134.71800000000002
system to first house,18.0490196,-66.03751,2019-08-05 17:56:29+00:00,0.0001801849723465989,134.018
system to first house,18.0489372,-66.03752180000001,2019-08-05 17:56:30+00:00,0.0001801849723465989,133.258
system to first house,18.0488534,-66.037536,2019-08-05 17:56:31+00:00,0.0001801849723465989,133.098
system to first house,18.048772,-66.03755380000001,2019-08-05 17:56:32+00:00,0.0001801849723465989,132.678
system to first house,18.0486924,-66.037575,2019-08-05 17:56:33+00:00,0.0001801849723465989,132.748
system to first house,18.0486192,-66.0376016,2019-08-05 17:56:34+00:00,0.0001801849723465989,132.498
system to first house,18.0485504,-66.03763420000001,2019-08-05 17:56:35+00:00,0.0001801849723465989,132.39800000000002
system to first house,18.048491,-66.03767040000001,2019-08-05 17:56:36+00:00,0.0001801849723465989,132.27800000000002
system to first house,18.0484402,-66.03770800000001,2019-08-05 17:56:37+00:00,0.0001801849723465989,132.128
system to first house,18.048400800000003,-66.03774340000001,2019-08-05 17:56:38+00:00,0.0001801849723465989,132.038
system to first house,18.0483708,-66.03777360000001,2019-08-05 17:56:39+00:00,0.0001801849723465989,132.098
system to first house,18.0483466,-66.03779899999999,2019-08-05 17:56:40+00:00,0.0001801849723465989,132.268
system to first house,18.048325199999997,-66.0378206,2019-08-05 17:56:41+00:00,0.0001801849723465989,132.568
system to first house,18.0483138,-66.03783560000001,2019-08-05 17:56:43+00:00,0.0001801849723465989,133.128
system to first house,18.048306399999998,-66.037846,2019-08-05 17:56:50+00:00,0.0001801849723465989,133.888
system to first house,18.048308,-66.0378506,2019-08-05 17:57:05+00:00,0.0001801849723465989,134.888
system to first house,18.0482996,-66.037859,2019-08-05 17:57:27+00:00,0.0001801849723465989,135.40800000000002
system to first house,18.0482852,-66.0378704,2019-08-05 17:57:48+00:00,0.0001801849723465989,135.748
system to first house,18.0482568,-66.0378916,2019-08-05 17:57:49+00:00,0.0001801849723465989,135.638
system to first house,18.0482236,-66.0379166,2019-08-05 17:57:50+00:00,0.0001801849723465989,135.608
system to first house,18.048184,-66.03794839999999,2019-08-05 17:57:51+00:00,0.0001801849723465989,135.568
system to first house,18.0481398,-66.0379862,2019-08-05 17:57:52+00:00,0.0001801849723465989,135.538
system to first house,18.048091000000003,-66.0380292,2019-08-05 17:57:53+00:00,0.0001801849723465989,135.508
system to first house,18.0480376,-66.0380784,2019-08-05 17:57:54+00:00,0.0001801849723465989,135.488
system to first house,18.0479802,-66.03813160000001,2019-08-05 17:57:55+00:00,0.0001801849723465989,135.488
system to first house,18.047918399999997,-66.03818960000001,2019-08-05 17:57:56+00:00,0.0001801849723465989,135.508
system to first house,18.047826200000006,-66.0382732,2019-08-05 17:57:57+00:00,0.0001801849723465989,135.518
system to first house,18.0477428,-66.03834520000001,2019-08-05 17:57:59+00:00,0.0001801849723465989,135.538
system to first house,18.047641,-66.0384248,2019-08-05 17:58:00+00:00,0.0001801849723465989,135.558
system to first house,18.0475602,-66.03847280000001,2019-08-05 17:58:01+00:00,0.0001801849723465989,135.608
system to first house,18.0474736,-66.0385086,2019-08-05 17:58:02+00:00,0.0001801849723465989,135.628
system to first house,18.047382199999998,-66.03853040000001,2019-08-05 17:58:03+00:00,0.0001801849723465989,135.65800000000002
system to first house,18.0472872,-66.038539,2019-08-05 17:58:04+00:00,0.0001801849723465989,135.578
system to first house,18.0471898,-66.03853360000001,2019-08-05 17:58:05+00:00,0.0001801849723465989,135.448
system to first house,18.047091800000004,-66.03851540000001,2019-08-05 17:58:06+00:00,0.0001801849723465989,135.238
system to first house,18.0469954,-66.038482,2019-08-05 17:58:07+00:00,0.0001801849723465989,134.988
system to first house,18.046903399999998,-66.03843760000001,2019-08-05 17:58:08+00:00,0.0001801849723465989,134.71800000000002
system to first house,18.046815399999996,-66.0383856,2019-08-05 17:58:09+00:00,0.0001801849723465989,134.438
system to first house,18.046730399999998,-66.03833300000001,2019-08-05 17:58:10+00:00,0.0001801849723465989,134.098
system to first house,18.0466472,-66.038287,2019-08-05 17:58:11+00:00,0.0001801849723465989,133.698
system to first house,18.0465646,-66.03825280000001,2019-08-05 17:58:12+00:00,0.0001801849723465989,133.298
system to first house,18.0464826,-66.038234,2019-08-05 17:58:13+00:00,0.0001801849723465989,132.948
system to first house,18.0463996,-66.03822459999999,2019-08-05 17:58:14+00:00,0.0001801849723465989,132.608
system to first house,18.0463152,-66.0382214,2019-08-05 17:58:15+00:00,0.0001801849723465989,132.268
system to first house,18.046228399999997,-66.038218,2019-08-05 17:58:16+00:00,0.0001801849723465989,131.858
system to first house,18.046138,-66.0382154,2019-08-05 17:58:17+00:00,0.0001801849723465989,131.478
system to first house,18.046044199999997,-66.038213,2019-08-05 17:58:18+00:00,0.0001801849723465989,131.118
system to first house,18.0459488,-66.03821140000001,2019-08-05 17:58:19+00:00,0.0001801849723465989,130.808
system to first house,18.045855,-66.0382096,2019-08-05 17:58:20+00:00,0.0001801849723465989,130.488
system to first house,18.045766200000006,-66.038208,2019-08-05 17:58:21+00:00,0.0001801849723465989,130.208
system to first house,18.045683800000006,-66.0382056,2019-08-05 17:58:22+00:00,0.0001801849723465989,129.978
system to first house,18.045606,-66.0382022,2019-08-05 17:58:23+00:00,0.0001801849723465989,129.748
system to first house,18.0455318,-66.03819720000001,2019-08-05 17:58:24+00:00,0.0001801849723465989,129.518
system to first house,18.045459200000003,-66.03819179999999,2019-08-05 17:58:25+00:00,0.0001801849723465989,129.298
system to first house,18.0453908,-66.0381868,2019-08-05 17:58:26+00:00,0.0001801849723465989,129.108
system to first house,18.0453294,-66.03818299999999,2019-08-05 17:58:27+00:00,0.0001801849723465989,128.948
system to first house,18.0452766,-66.0381804,2019-08-05 17:58:28+00:00,0.0001801849723465989,128.828
system to first house,18.0452332,-66.03817760000001,2019-08-05 17:58:29+00:00,0.0001801849723465989,128.668
system to first house,18.0451954,-66.0381746,2019-08-05 17:58:30+00:00,0.0001801849723465989,128.558
system to first house,18.045160600000003,-66.03817140000001,2019-08-05 17:58:31+00:00,0.0001801849723465989,128.438
system to first house,18.0451228,-66.0381672,2019-08-05 17:58:32+00:00,0.0001801849723465989,128.358
system to first house,18.0450822,-66.038163,2019-08-05 17:58:33+00:00,0.0001801849723465989,128.268
system to first house,18.045036000000003,-66.0381588,2019-08-05 17:58:34+00:00,0.0001801849723465989,128.208
system to first house,18.044984799999998,-66.0381554,2019-08-05 17:58:35+00:00,0.0001801849723465989,128.118
system to first house,18.044926399999998,-66.0381546,2019-08-05 17:58:36+00:00,0.0001801849723465989,128.038
system to first house,18.0448598,-66.0381562,2019-08-05 17:58:37+00:00,0.0001801849723465989,127.938
system to first house,18.0447868,-66.03816239999999,2019-08-05 17:58:38+00:00,0.0001801849723465989,127.878
system to first house,18.0447084,-66.03817339999999,2019-08-05 17:58:39+00:00,0.0001801849723465989,127.81800000000001
system to first house,18.044628000000003,-66.0381884,2019-08-05 17:58:40+00:00,0.0001801849723465989,127.828
system to first house,18.044545600000006,-66.03820680000001,2019-08-05 17:58:41+00:00,0.0001801849723465989,127.838
system to first house,18.044461400000007,-66.03822760000001,2019-08-05 17:58:42+00:00,0.0001801849723465989,127.888
system to first house,18.0443764,-66.0382524,2019-08-05 17:58:43+00:00,0.0001801849723465989,127.838
system to first house,18.0442928,-66.03828200000001,2019-08-05 17:58:44+00:00,0.0001801849723465989,127.798
system to first house,18.0442134,-66.03831939999999,2019-08-05 17:58:45+00:00,0.0001801849723465989,127.668
system to first house,18.0441392,-66.0383642,2019-08-05 17:58:46+00:00,0.0001801849723465989,127.56800000000001
system to first house,18.044069200000006,-66.03841379999999,2019-08-05 17:58:47+00:00,0.0001801849723465989,127.53800000000001
system to first house,18.0440018,-66.0384664,2019-08-05 17:58:48+00:00,0.0001801849723465989,127.55799999999999
system to first house,18.0439388,-66.0385152,2019-08-05 17:58:49+00:00,0.0001801849723465989,127.688
system to first house,18.043879999999998,-66.038561,2019-08-05 17:58:50+00:00,0.0001801849723465989,127.81800000000001
system to first house,18.043827399999998,-66.03860180000001,2019-08-05 17:58:51+00:00,0.0001801849723465989,127.958
system to first house,18.043782,-66.0386372,2019-08-05 17:58:52+00:00,0.0001801849723465989,128.108
system to first house,18.0437466,-66.0386652,2019-08-05 17:58:53+00:00,0.0001801849723465989,128.228
system to first house,18.0437192,-66.03868680000001,2019-08-05 17:58:54+00:00,0.0001801849723465989,128.418
system to first house,18.0436992,-66.03870219999999,2019-08-05 17:58:56+00:00,0.0001801849723465989,128.548
system to first house,18.0436794,-66.0387188,2019-08-05 17:58:59+00:00,0.0001801849723465989,128.738
system to first house,18.0436616,-66.0387336,2019-08-05 17:59:02+00:00,0.0001801849723465989,128.848
system to first house,18.043651,-66.0387448,2019-08-05 17:59:05+00:00,0.0001801849723465989,128.518
system to first house,18.0436408,-66.0387514,2019-08-05 17:59:55+00:00,0.0001801849723465989,127.998
system to first house,18.0436328,-66.03875620000001,2019-08-05 18:00:12+00:00,0.0001801849723465989,127.388
system to first house,18.043618,-66.03876220000001,2019-08-05 18:00:14+00:00,0.0001801849723465989,127.048
system to first house,18.043600400000006,-66.0387714,2019-08-05 18:00:17+00:00,0.0001801849723465989,127.018
system to first house,18.043579,-66.03878040000001,2019-08-05 18:00:19+00:00,0.0001801849723465989,127.05799999999999
system to first house,18.0435564,-66.03878639999999,2019-08-05 18:00:21+00:00,0.0001801849723465989,127.28800000000001
system to first house,18.0435276,-66.0387854,2019-08-05 18:00:30+00:00,0.0001801849723465989,127.458
system to first house,18.0434956,-66.0387672,2019-08-05 18:00:31+00:00,0.0001801849723465989,127.69800000000001
system to first house,18.0434616,-66.0387288,2019-08-05 18:00:32+00:00,0.0001801849723465989,127.778
system to first house,18.0434272,-66.0386666,2019-08-05 18:00:33+00:00,0.0001801849723465989,127.858
system to first house,18.0433966,-66.03858620000001,2019-08-05 18:00:34+00:00,0.0001801849723465989,127.888
system to first house,18.0433728,-66.03849340000001,2019-08-05 18:00:35+00:00,0.0001801849723465989,128.048
system to first house,18.0433522,-66.0383942,2019-08-05 18:00:36+00:00,0.0001801849723465989,128.128
system to first house,18.043331600000002,-66.0382966,2019-08-05 18:00:37+00:00,0.0001801849723465989,128.27800000000002
system to first house,18.0433044,-66.03820160000001,2019-08-05 18:00:38+00:00,0.0001801849723465989,128.358
system to first house,18.043267800000002,-66.0381146,2019-08-05 18:00:39+00:00,0.0001801849723465989,128.428
system to first house,18.043222,-66.03803380000001,2019-08-05 18:00:40+00:00,0.0001801849723465989,128.518
system to first house,18.0431718,-66.03795799999999,2019-08-05 18:00:41+00:00,0.0001801849723465989,128.598
system to first house,18.043119200000003,-66.0378826,2019-08-05 18:00:42+00:00,0.0001801849723465989,128.598
system to first house,18.043072,-66.0378044,2019-08-05 18:00:43+00:00,0.0001801849723465989,128.498
system to first house,18.0430232,-66.0377374,2019-08-05 18:00:44+00:00,0.0001801849723465989,128.358
system to first house,18.0429908,-66.0376516,2019-08-05 18:00:45+00:00,0.0001801849723465989,128.108
system to first house,18.042957,-66.03757239999999,2019-08-05 18:00:46+00:00,0.0001801849723465989,127.958
system to first house,18.042934,-66.03747179999999,2019-08-05 18:00:47+00:00,0.0001801849723465989,127.72800000000001
system to first house,18.0429036,-66.037376,2019-08-05 18:00:48+00:00,0.0001801849723465989,127.588
system to first house,18.0428684,-66.03728100000001,2019-08-05 18:00:49+00:00,0.0001801849723465989,127.428
system to first house,18.042828,-66.03718760000001,2019-08-05 18:00:50+00:00,0.0001801849723465989,127.22800000000001
system to first house,18.042783,-66.0370958,2019-08-05 18:00:51+00:00,0.0001801849723465989,127.078
system to first house,18.042733,-66.0370092,2019-08-05 18:00:52+00:00,0.0001801849723465989,126.848
system to first house,18.0426772,-66.03692779999999,2019-08-05 18:00:53+00:00,0.0001801849723465989,126.73800000000001
system to first house,18.0426176,-66.03685420000001,2019-08-05 18:00:54+00:00,0.0001801849723465989,126.618
system to first house,18.042555399999998,-66.0367846,2019-08-05 18:00:55+00:00,0.0001801849723465989,126.56800000000001
system to first house,18.042495,-66.0367168,2019-08-05 18:00:56+00:00,0.0001801849723465989,126.488
system to first house,18.042438399999998,-66.03664599999999,2019-08-05 18:00:57+00:00,0.0001801849723465989,126.368
system to first house,18.0423858,-66.03657100000001,2019-08-05 18:00:58+00:00,0.0001801849723465989,126.218
system to first house,18.0423356,-66.03649300000001,2019-08-05 18:00:59+00:00,0.0001801849723465989,125.838
system to first house,18.0422896,-66.036411,2019-08-05 18:01:00+00:00,0.0001801849723465989,125.658
system to first house,18.042243799999998,-66.03632879999999,2019-08-05 18:01:01+00:00,0.0001801849723465989,125.378
system to first house,18.0422022,-66.03624620000001,2019-08-05 18:01:02+00:00,0.0001801849723465989,125.44800000000001
system to first house,18.042158800000003,-66.036167,2019-08-05 18:01:03+00:00,0.0001801849723465989,125.428
system to first house,18.042114400000006,-66.03609039999999,2019-08-05 18:01:04+00:00,0.0001801849723465989,125.438
system to first house,18.0420612,-66.0360216,2019-08-05 18:01:05+00:00,0.0001801849723465989,125.44800000000001
system to first house,18.042004199999997,-66.0359556,2019-08-05 18:01:06+00:00,0.0001801849723465989,125.428
system to first house,18.0419414,-66.03589540000002,2019-08-05 18:01:07+00:00,0.0001801849723465989,125.378
system to first house,18.041880399999997,-66.0358362,2019-08-05 18:01:08+00:00,0.0001801849723465989,125.378
system to first house,18.04182,-66.03577800000001,2019-08-05 18:01:09+00:00,0.0001801849723465989,125.328
system to first house,18.0417584,-66.0357214,2019-08-05 18:01:10+00:00,0.0001801849723465989,125.34800000000001
system to first house,18.0416964,-66.03566380000001,2019-08-05 18:01:11+00:00,0.0001801849723465989,125.268
system to first house,18.041632999999997,-66.0356064,2019-08-05 18:01:12+00:00,0.0001801849723465989,125.238
system to first house,18.0415684,-66.03554720000001,2019-08-05 18:01:13+00:00,0.0001801849723465989,125.238
system to first house,18.041500600000003,-66.0354868,2019-08-05 18:01:14+00:00,0.0001801849723465989,125.218
system to first house,18.041428399999997,-66.0354234,2019-08-05 18:01:15+00:00,0.0001801849723465989,125.17800000000001
system to first house,18.0413526,-66.03535600000001,2019-08-05 18:01:16+00:00,0.0001801849723465989,125.05799999999999
system to first house,18.0412774,-66.03528440000001,2019-08-05 18:01:17+00:00,0.0001801849723465989,125.028
system to first house,18.0412086,-66.03520560000001,2019-08-05 18:01:18+00:00,0.0001801849723465989,124.998
system to first house,18.0411494,-66.03511900000001,2019-08-05 18:01:19+00:00,0.0001801849723465989,124.988
system to first house,18.0411,-66.03502360000002,2019-08-05 18:01:20+00:00,0.0001801849723465989,124.918
system to first house,18.0410568,-66.03492100000001,2019-08-05 18:01:21+00:00,0.0001801849723465989,124.838
system to first house,18.0410156,-66.0348142,2019-08-05 18:01:22+00:00,0.0001801849723465989,124.778
system to first house,18.040975800000002,-66.0347054,2019-08-05 18:01:23+00:00,0.0001801849723465989,124.498
system to first house,18.0409316,-66.03459760000001,2019-08-05 18:01:24+00:00,0.0001801849723465989,124.498
system to first house,18.040885600000003,-66.034491,2019-08-05 18:01:25+00:00,0.0001801849723465989,124.418
system to first house,18.0408326,-66.03438879999999,2019-08-05 18:01:26+00:00,0.0001801849723465989,124.50800000000001
system to first house,18.0407736,-66.0342924,2019-08-05 18:01:27+00:00,0.0001801849723465989,124.50800000000001
system to first house,18.040701199999997,-66.0342058,2019-08-05 18:01:28+00:00,0.0001801849723465989,123.81800000000001
system to first house,18.040618,-66.0341296,2019-08-05 18:01:29+00:00,0.0001801849723465989,123.64800000000001
system to first house,18.0405234,-66.03406480000001,2019-08-05 18:01:30+00:00,0.0001801849723465989,123.19800000000001
system to first house,18.040422399999997,-66.0340124,2019-08-05 18:01:31+00:00,0.0001801849723465989,123.378
system to first house,18.0403172,-66.03397199999999,2019-08-05 18:01:32+00:00,0.0001801849723465989,123.34800000000001
system to first house,18.0402068,-66.03394039999999,2019-08-05 18:01:33+00:00,0.0001801849723465989,123.25800000000001
system to first house,18.0400962,-66.0339178,2019-08-05 18:01:34+00:00,0.0001801849723465989,123.25800000000001
system to first house,18.039985400000006,-66.0338952,2019-08-05 18:01:35+00:00,0.0001801849723465989,123.17800000000001
system to first house,18.0398756,-66.0338748,2019-08-05 18:01:36+00:00,0.0001801849723465989,123.338
system to first house,18.039766,-66.0338478,2019-08-05 18:01:37+00:00,0.0001801849723465989,123.438
system to first house,18.039656,-66.0338172,2019-08-05 18:01:38+00:00,0.0001801849723465989,123.67800000000001
system to first house,18.0395456,-66.0337818,2019-08-05 18:01:39+00:00,0.0001801849723465989,123.888
system to first house,18.039433399999997,-66.0337426,2019-08-05 18:01:40+00:00,0.0001801849723465989,124.018
system to first house,18.039319199999998,-66.03370140000001,2019-08-05 18:01:41+00:00,0.0001801849723465989,124.03800000000001
system to first house,18.039202600000007,-66.033658,2019-08-05 18:01:42+00:00,0.0001801849723465989,124.088
system to first house,18.0390862,-66.03361340000001,2019-08-05 18:01:43+00:00,0.0001801849723465989,124.048
system to first house,18.038969199999997,-66.033568,2019-08-05 18:01:44+00:00,0.0001801849723465989,124.108
system to first house,18.038852600000002,-66.0335154,2019-08-05 18:01:45+00:00,0.0001801849723465989,124.118
system to first house,18.0387362,-66.03346280000001,2019-08-05 18:01:46+00:00,0.0001801849723465989,124.09800000000001
system to first house,18.038610400000003,-66.0334144,2019-08-05 18:01:47+00:00,0.0001801849723465989,123.958
system to first house,18.038487399999998,-66.0333674,2019-08-05 18:01:48+00:00,0.0001801849723465989,123.778
system to first house,18.038272,-66.03330279999999,2019-08-05 18:01:49+00:00,0.0001801849723465989,123.998
system to first house,18.038113199999998,-66.03325260000001,2019-08-05 18:01:52+00:00,0.0001801849723465989,124.268
system to first house,18.0379134,-66.03320179999999,2019-08-05 18:01:53+00:00,0.0001801849723465989,124.888
system to first house,18.037807200000003,-66.03318960000001,2019-08-05 18:01:54+00:00,0.0001801849723465989,125.30799999999999
system to first house,18.037700800000003,-66.0331876,2019-08-05 18:01:55+00:00,0.0001801849723465989,125.718
system to first house,18.037595600000003,-66.0331884,2019-08-05 18:01:56+00:00,0.0001801849723465989,126.05799999999999
system to first house,18.0374918,-66.03318720000001,2019-08-05 18:01:57+00:00,0.0001801849723465989,126.378
system to first house,18.0373912,-66.03317500000001,2019-08-05 18:01:58+00:00,0.0001801849723465989,126.498
system to first house,18.0372938,-66.0331584,2019-08-05 18:01:59+00:00,0.0001801849723465989,126.48800000000001
system to first house,18.0372024,-66.0331334,2019-08-05 18:02:00+00:00,0.0001801849723465989,126.468
system to first house,18.037113,-66.0331192,2019-08-05 18:02:01+00:00,0.0001801849723465989,126.21800000000002
system to first house,18.037030400000006,-66.0331116,2019-08-05 18:02:02+00:00,0.0001801849723465989,126.19800000000001
system to first house,18.036952400000004,-66.03311339999999,2019-08-05 18:02:03+00:00,0.0001801849723465989,126.138
system to first house,18.036880399999998,-66.03313080000001,2019-08-05 18:02:04+00:00,0.0001801849723465989,126.248
system to first house,18.0368122,-66.0331662,2019-08-05 18:02:05+00:00,0.0001801849723465989,126.05799999999999
system to first house,18.0367474,-66.03322179999999,2019-08-05 18:02:06+00:00,0.0001801849723465989,125.89800000000001
system to first house,18.036692199999997,-66.033293,2019-08-05 18:02:07+00:00,0.0001801849723465989,125.468
system to first house,18.036647,-66.03337400000001,2019-08-05 18:02:08+00:00,0.0001801849723465989,125.30799999999999
system to first house,18.036609400000003,-66.0334618,2019-08-05 18:02:09+00:00,0.0001801849723465989,125.018
system to first house,18.036576600000004,-66.03355920000001,2019-08-05 18:02:10+00:00,0.0001801849723465989,124.888
system to first house,18.0365438,-66.03365880000001,2019-08-05 18:02:11+00:00,0.0001801849723465989,124.69800000000001
system to first house,18.0365178,-66.03375960000001,2019-08-05 18:02:12+00:00,0.0001801849723465989,124.588
system to first house,18.036488600000002,-66.0338626,2019-08-05 18:02:13+00:00,0.0001801849723465989,124.348
system to first house,18.036461399999997,-66.0339688,2019-08-05 18:02:14+00:00,0.0001801849723465989,124.128
system to first house,18.0364264,-66.0340764,2019-08-05 18:02:15+00:00,0.0001801849723465989,123.778
system to first house,18.036393399999998,-66.03418640000001,2019-08-05 18:02:16+00:00,0.0001801849723465989,123.528
system to first house,18.0363564,-66.03429340000001,2019-08-05 18:02:17+00:00,0.0001801849723465989,123.118
system to first house,18.036317200000006,-66.0343964,2019-08-05 18:02:18+00:00,0.0001801849723465989,122.75800000000001
system to first house,18.0362678,-66.0344936,2019-08-05 18:02:19+00:00,0.0001801849723465989,122.368
system to first house,18.0362082,-66.034582,2019-08-05 18:02:20+00:00,0.0001801849723465989,122.048
system to first house,18.0361378,-66.0346628,2019-08-05 18:02:21+00:00,0.0001801849723465989,121.778
system to first house,18.036061,-66.0347344,2019-08-05 18:02:22+00:00,0.0001801849723465989,121.468
system to first house,18.0359766,-66.0348026,2019-08-05 18:02:23+00:00,0.0001801849723465989,121.19800000000001
system to first house,18.0358904,-66.03486720000001,2019-08-05 18:02:24+00:00,0.0001801849723465989,120.798
system to first house,18.0357984,-66.0349302,2019-08-05 18:02:25+00:00,0.0001801849723465989,120.238
system to first house,18.035708399999997,-66.0349906,2019-08-05 18:02:26+00:00,0.0001801849723465989,119.69800000000001
system to first house,18.035614399999996,-66.03505000000001,2019-08-05 18:02:27+00:00,0.0001801849723465989,119.138
system to first house,18.035522600000004,-66.0351112,2019-08-05 18:02:28+00:00,0.0001801849723465989,118.928
system to first house,18.0354292,-66.035173,2019-08-05 18:02:29+00:00,0.0001801849723465989,118.80800000000002
system to first house,18.0353352,-66.03523620000001,2019-08-05 18:02:30+00:00,0.0001801849723465989,118.688
system to first house,18.0352406,-66.0353,2019-08-05 18:02:31+00:00,0.0001801849723465989,118.69800000000001
system to first house,18.035145,-66.0353664,2019-08-05 18:02:32+00:00,0.0001801849723465989,118.578
system to first house,18.0350484,-66.03543540000001,2019-08-05 18:02:33+00:00,0.0001801849723465989,118.55800000000002
system to first house,18.0349538,-66.03550340000001,2019-08-05 18:02:34+00:00,0.0001801849723465989,118.298
system to first house,18.034856,-66.03557339999999,2019-08-05 18:02:35+00:00,0.0001801849723465989,117.938
system to first house,18.034756800000004,-66.0356414,2019-08-05 18:02:36+00:00,0.0001801849723465989,117.658
system to first house,18.0346534,-66.0357094,2019-08-05 18:02:37+00:00,0.0001801849723465989,117.33800000000002
system to first house,18.0345488,-66.0357726,2019-08-05 18:02:38+00:00,0.0001801849723465989,117.128
system to first house,18.0344438,-66.035833,2019-08-05 18:02:39+00:00,0.0001801849723465989,116.918
system to first house,18.0343416,-66.03589260000001,2019-08-05 18:02:40+00:00,0.0001801849723465989,116.56799999999998
system to first house,18.0342402,-66.03594939999999,2019-08-05 18:02:41+00:00,0.0001801849723465989,116.44800000000001
system to first house,18.0341348,-66.03599880000002,2019-08-05 18:02:42+00:00,0.0001801849723465989,116.238
system to first house,18.034028399999997,-66.03603580000001,2019-08-05 18:02:43+00:00,0.0001801849723465989,116.28800000000001
system to first house,18.033917199999998,-66.036057,2019-08-05 18:02:44+00:00,0.0001801849723465989,116.238
system to first house,18.0338092,-66.03606239999999,2019-08-05 18:02:45+00:00,0.0001801849723465989,116.19800000000001
system to first house,18.033701800000006,-66.0360508,2019-08-05 18:02:46+00:00,0.0001801849723465989,116.00800000000001
system to first house,18.0335988,-66.0360188,2019-08-05 18:02:47+00:00,0.0001801849723465989,115.95800000000001
system to first house,18.033506,-66.03596139999999,2019-08-05 18:02:48+00:00,0.0001801849723465989,116.168
system to first house,18.033419199999997,-66.0358916,2019-08-05 18:02:49+00:00,0.0001801849723465989,116.378
system to first house,18.0333392,-66.03580720000001,2019-08-05 18:02:50+00:00,0.0001801849723465989,116.61800000000001
system to first house,18.0332588,-66.035723,2019-08-05 18:02:51+00:00,0.0001801849723465989,116.658
system to first house,18.0331808,-66.03563220000001,2019-08-05 18:02:52+00:00,0.0001801849723465989,116.578
system to first house,18.033109399999997,-66.035534,2019-08-05 18:02:53+00:00,0.0001801849723465989,116.58800000000002
system to first house,18.0330478,-66.03542780000001,2019-08-05 18:02:54+00:00,0.0001801849723465989,116.518
system to first house,18.0329958,-66.03531480000001,2019-08-05 18:02:55+00:00,0.0001801849723465989,116.518
system to first house,18.0329496,-66.03519840000001,2019-08-05 18:02:56+00:00,0.0001801849723465989,116.51800000000001
system to first house,18.0329056,-66.03508260000001,2019-08-05 18:02:57+00:00,0.0001801849723465989,116.58800000000002
system to first house,18.032861800000003,-66.03496840000001,2019-08-05 18:02:58+00:00,0.0001801849723465989,116.718
system to first house,18.032818,-66.03485640000001,2019-08-05 18:02:59+00:00,0.0001801849723465989,116.84800000000001
system to first house,18.0327754,-66.03474460000001,2019-08-05 18:03:00+00:00,0.0001801849723465989,117.05800000000002
system to first house,18.032733,-66.03463260000001,2019-08-05 18:03:01+00:00,0.0001801849723465989,117.19800000000001
system to first house,18.032691399999997,-66.0345192,2019-08-05 18:03:02+00:00,0.0001801849723465989,117.278
system to first house,18.032650399999998,-66.0344034,2019-08-05 18:03:03+00:00,0.0001801849723465989,117.22800000000001
system to first house,18.032610400000006,-66.03428360000001,2019-08-05 18:03:04+00:00,0.0001801849723465989,117.08800000000002
system to first house,18.032572199999997,-66.0341606,2019-08-05 18:03:05+00:00,0.0001801849723465989,116.86800000000001
system to first house,18.0325386,-66.03403180000001,2019-08-05 18:03:06+00:00,0.0001801849723465989,116.638
system to first house,18.0325088,-66.03390220000001,2019-08-05 18:03:07+00:00,0.0001801849723465989,116.36800000000001
system to first house,18.0324838,-66.03376879999999,2019-08-05 18:03:08+00:00,0.0001801849723465989,116.00800000000001
system to first house,18.0324604,-66.03363639999999,2019-08-05 18:03:09+00:00,0.0001801849723465989,115.28800000000001
system to first house,18.0324396,-66.033501,2019-08-05 18:03:10+00:00,0.0001801849723465989,114.718
system to first house,18.032418399999997,-66.03336540000001,2019-08-05 18:03:11+00:00,0.0001801849723465989,113.998
system to first house,18.0323956,-66.03323080000001,2019-08-05 18:03:12+00:00,0.0001801849723465989,113.59800000000001
system to first house,18.032367200000003,-66.03310079999999,2019-08-05 18:03:13+00:00,0.0001801849723465989,113.138
system to first house,18.032331400000004,-66.0329802,2019-08-05 18:03:14+00:00,0.0001801849723465989,112.73800000000001
system to first house,18.0322842,-66.03286820000001,2019-08-05 18:03:15+00:00,0.0001801849723465989,112.388
system to first house,18.0322224,-66.03276899999999,2019-08-05 18:03:16+00:00,0.0001801849723465989,111.81800000000001
system to first house,18.03215,-66.0326764,2019-08-05 18:03:17+00:00,0.0001801849723465989,111.468
system to first house,18.032068,-66.0325936,2019-08-05 18:03:18+00:00,0.0001801849723465989,111.048
system to first house,18.031981400000006,-66.032517,2019-08-05 18:03:19+00:00,0.0001801849723465989,111.05800000000002
system to first house,18.031889399999997,-66.03244839999999,2019-08-05 18:03:20+00:00,0.0001801849723465989,111.11800000000001
system to first house,18.031792199999998,-66.03238379999999,2019-08-05 18:03:21+00:00,0.0001801849723465989,111.22800000000001
system to first house,18.0316922,-66.0323194,2019-08-05 18:03:22+00:00,0.0001801849723465989,111.378
system to first house,18.031589800000003,-66.0322502,2019-08-05 18:03:23+00:00,0.0001801849723465989,111.488
system to first house,18.031486800000003,-66.0321752,2019-08-05 18:03:24+00:00,0.0001801849723465989,111.608
system to first house,18.031385,-66.0320944,2019-08-05 18:03:25+00:00,0.0001801849723465989,111.53800000000001
system to first house,18.0312862,-66.03200840000001,2019-08-05 18:03:26+00:00,0.0001801849723465989,111.358
system to first house,18.031192,-66.0319152,2019-08-05 18:03:27+00:00,0.0001801849723465989,111.05800000000002
system to first house,18.031104,-66.0318156,2019-08-05 18:03:28+00:00,0.0001801849723465989,110.708
system to first house,18.0310264,-66.03170320000001,2019-08-05 18:03:29+00:00,0.0001801849723465989,110.388
system to first house,18.030960399999998,-66.03158340000002,2019-08-05 18:03:30+00:00,0.0001801849723465989,110.108
system to first house,18.0309042,-66.03145560000002,2019-08-05 18:03:31+00:00,0.0001801849723465989,109.898
system to first house,18.0308542,-66.0313256,2019-08-05 18:03:32+00:00,0.0001801849723465989,109.75800000000001
system to first house,18.030808800000003,-66.0311946,2019-08-05 18:03:33+00:00,0.0001801849723465989,109.688
system to first house,18.030768,-66.0310626,2019-08-05 18:03:34+00:00,0.0001801849723465989,109.69800000000001
system to first house,18.030731,-66.03092960000001,2019-08-05 18:03:35+00:00,0.0001801849723465989,109.678
system to first house,18.030696,-66.0307956,2019-08-05 18:03:36+00:00,0.0001801849723465989,109.748
system to first house,18.030661,-66.0306606,2019-08-05 18:03:37+00:00,0.0001801849723465989,109.748
system to first house,18.0306268,-66.0305246,2019-08-05 18:03:38+00:00,0.0001801849723465989,109.768
system to first house,18.030593000000003,-66.030388,2019-08-05 18:03:39+00:00,0.0001801849723465989,109.738
system to first house,18.030559600000004,-66.03025260000001,2019-08-05 18:03:40+00:00,0.0001801849723465989,109.708
system to first house,18.0305264,-66.03012040000002,2019-08-05 18:03:41+00:00,0.0001801849723465989,109.688
system to first house,18.0304922,-66.0299934,2019-08-05 18:03:42+00:00,0.0001801849723465989,109.688
system to first house,18.030458000000007,-66.0298748,2019-08-05 18:03:43+00:00,0.0001801849723465989,109.648
system to first house,18.030423000000003,-66.0297706,2019-08-05 18:03:44+00:00,0.0001801849723465989,109.608
system to first house,18.030385199999998,-66.0296836,2019-08-05 18:03:45+00:00,0.0001801849723465989,109.578
system to first house,18.0303424,-66.0296196,2019-08-05 18:03:46+00:00,0.0001801849723465989,109.628
system to first house,18.030292600000006,-66.02957760000001,2019-08-05 18:03:47+00:00,0.0001801849723465989,109.778
system to first house,18.0302388,-66.0295572,2019-08-05 18:03:48+00:00,0.0001801849723465989,110.028
system to first house,18.030185,-66.0295564,2019-08-05 18:03:49+00:00,0.0001801849723465989,110.25800000000001
system to first house,18.030136199999998,-66.0295712,2019-08-05 18:03:50+00:00,0.0001801849723465989,110.468
system to first house,18.0300934,-66.02959860000001,2019-08-05 18:03:51+00:00,0.0001801849723465989,110.548
system to first house,18.0300574,-66.0296326,2019-08-05 18:03:52+00:00,0.0001801849723465989,110.608
system to first house,18.0300294,-66.0296672,2019-08-05 18:03:53+00:00,0.0001801849723465989,110.59800000000001
system to first house,18.030008399999996,-66.02969999999999,2019-08-05 18:03:54+00:00,0.0001801849723465989,110.56800000000001
system to first house,18.0299934,-66.0297304,2019-08-05 18:03:55+00:00,0.0001801849723465989,110.528
system to first house,18.029985800000002,-66.0297606,2019-08-05 18:03:56+00:00,0.0001801849723465989,110.408
system to first house,18.029977,-66.02978979999999,2019-08-05 18:03:57+00:00,0.0001801849723465989,110.34800000000001
system to first house,18.029970600000002,-66.02981640000002,2019-08-05 18:03:58+00:00,0.0001801849723465989,110.37800000000001
system to first house,18.0299576,-66.02983979999999,2019-08-05 18:03:59+00:00,0.0001801849723465989,110.418
system to first house,18.029943000000006,-66.02985860000001,2019-08-05 18:04:00+00:00,0.0001801849723465989,110.53800000000001
system to first house,18.029924800000003,-66.02987060000001,2019-08-05 18:04:01+00:00,0.0001801849723465989,110.618
system to first house,18.0299036,-66.0298836,2019-08-05 18:04:02+00:00,0.0001801849723465989,110.658
system to first house,18.0298924,-66.0298946,2019-08-05 18:04:04+00:00,0.0001801849723465989,110.53800000000001
system to first house,18.0298822,-66.02990460000001,2019-08-05 18:04:32+00:00,0.0001801849723465989,110.038
system to first house,18.029882999999998,-66.029911,2019-08-05 18:05:03+00:00,0.0001801849723465989,109.238
